{
    "Age": 0.163022535507929,
    "MonthlyIncome": 0.09309998433818717,
    "TotalWorkingYears": 0.19313834047063197,
    "YearsAtCompany": 0.13219832578334798,
    "DistanceFromHome": 0.16772924640721928,
    "OverTime": 0.25081156749268463
}