{
    "Age": 0.1999664402711055,
    "MonthlyIncome": 0.05471065797862938,
    "TotalWorkingYears": 0.17994495678503142,
    "YearsAtCompany": 0.0,
    "DistanceFromHome": 0.15214929100914146,
    "OverTime": 0.4132286539560923
}